243.92266638696822,100.5378839196102,0.2589090022551657,-0.9659017178529264
239.76619155287636,98.13710967917001,0.2589090022551657,-0.9659017178529264
235.6097167187845,95.73633543872984,0.2589090022551657,-0.9659017178529264
231.45324188469266,93.33556119828965,0.2589090022551657,-0.9659017178529264
227.2967670506008,90.93478695784948,0.2589090022551657,-0.9659017178529264
223.14029221650895,88.5340127174093,0.2589090022551657,-0.9659017178529264
218.9838173824171,86.13323847696913,0.2589090022551657,-0.9659017178529264
214.82734254832525,83.73246423652895,0.2589090022551657,-0.9659017178529264
210.6708677142334,81.33168999608877,0.2589090022551657,-0.9659017178529264
206.51439288014154,78.9309157556486,0.2589090022551657,-0.9659017178529264
202.3579180460497,76.53014151520841,0.2589090022551657,-0.9659017178529264
198.20144321195784,74.12936727476824,0.2589090022551657,-0.9659017178529264
194.04496837786598,71.72859303432807,0.2589090022551657,-0.9659017178529264
187.1479949951172,76.05471801757812,0.4627738816895823,0.8864763586390539
184.30267333984375,81.26746368408203,0.5170994204068351,0.8559253410285941
178.37692267657064,81.29293803036822,0.231196,-0.972907
173.9114387832775,79.04361511030103,0.231196,-0.972907
169.44595488998436,76.79429219023386,0.231196,-0.972907
164.98047099669122,74.54496927016667,0.231196,-0.972907
160.51498710339808,72.29564635009949,0.231196,-0.972907
156.04950321010494,70.04632343003232,0.231196,-0.972907
151.5840193168118,67.79700050996513,0.231196,-0.972907
147.11853542351867,65.54767758989794,0.231196,-0.972907
142.65305153022553,63.298354669830765,0.231196,-0.972907
138.18756763693239,61.049031749763586,0.231196,-0.972907
131.25885016680502,57.55875757992877,0.21208650445844512,-0.9772508964573007
126.70865702053904,55.48614031384366,0.21208650445844512,-0.9772508964573007
122.15846387427305,53.41352304775856,0.21208650445844512,-0.9772508964573007
117.60827072800708,51.34090578167345,0.21208650445844512,-0.9772508964573007
113.0580775817411,49.26828851558834,0.21208650445844512,-0.9772508964573007
108.50788443547512,47.195671249503235,0.21208650445844512,-0.9772508964573007
103.95769128920914,45.123053983418124,0.21208650445844512,-0.9772508964573007
99.40749814294315,43.050436717333014,0.21208650445844512,-0.9772508964573007
93.62648017168782,40.04635599911823,0.19107945555187025,-0.9815745726464193
88.99159375502781,38.17076864986985,0.19107945555187025,-0.9815745726464193
84.3567073383678,36.29518130062148,0.19107945555187025,-0.9815745726464193
79.72182092170779,34.4195939513731,0.19107945555187025,-0.9815745726464193
75.08693450504778,32.544006602124725,0.19107945555187025,-0.9815745726464193
70.45204808838777,30.66841925287635,0.19107945555187025,-0.9815745726464193
65.81716167172777,28.792831903627977,0.19107945555187025,-0.9815745726464193
61.18227525506776,26.9172445543796,0.19107945555187025,-0.9815745726464193
56.54738883840775,25.041657205131223,0.19107945555187025,-0.9815745726464193
51.91250242174774,23.16606985588285,0.19107945555187025,-0.9815745726464193
47.27761600508773,21.290482506634476,0.19107945555187025,-0.9815745726464193
41.125274658203125,21.119226455688477,0.165393089159818,-0.986227725253236
31.453933715820312,21.137266159057617,0.11126,-0.99379
24.48841094970703,19.557758331298828,0.16885947456285252,-0.9856401360792676
19.773546171203456,17.893411576434794,0.16885947456285252,-0.9856401360792676
15.058681392699885,16.229064821570756,0.16885947456285252,-0.9856401360792676
10.34381661419631,14.564718066706721,0.16885947456285252,-0.9856401360792676
5.628951835692739,12.900371311842685,0.16885947456285252,-0.9856401360792676
0.9140870571891639,11.236024556978649,0.16885947456285252,-0.9856401360792676
-3.800777721314411,9.571677802114612,0.16885947456285252,-0.9856401360792676
